<?xml version="1.0" encoding="UTF-8"?>
<project-private xmlns="http://www.netbeans.org/ns/project-private/1">
    <editor-bookmarks xmlns="http://www.netbeans.org/ns/editor-bookmarks/2" lastBookmarkId="0"/>
    <open-files xmlns="http://www.netbeans.org/ns/projectui-open-files/2">
        <group>
            <file>file:/C:/Users/beauty/Documents/NetBeansProjects/JavaApplication1/src/javaapplication1/JavaApplication1.java</file>
            <file>file:/C:/Users/beauty/Documents/NetBeansProjects/JavaApplication1/src/frontend/UserFrontEnd.java</file>
            <file>file:/C:/Users/beauty/Documents/NetBeansProjects/JavaApplication1/src/domain/CreateUserAccountRequest.java</file>
            <file>file:/C:/Users/beauty/Documents/NetBeansProjects/JavaApplication1/src/domain/CustomerRequests.java</file>
            <file>file:/C:/Users/beauty/Documents/NetBeansProjects/JavaApplication1/src/frontend/UserSignInFrontEnd.java</file>
            <file>file:/C:/Users/beauty/Documents/NetBeansProjects/JavaApplication1/src/domain/CustomerService.java</file>
            <file>file:/C:/Users/beauty/Documents/NetBeansProjects/JavaApplication1/src/databaseconnection/ConnectToDatabase.java</file>
            <file>file:/C:/Users/beauty/Documents/NetBeansProjects/JavaApplication1/src/frontend/AdminFrontEnd.java</file>
            <file>file:/C:/Users/beauty/Documents/NetBeansProjects/JavaApplication1/src/frontend/WelcomeFrontEnd.java</file>
            <file>file:/C:/Users/beauty/Documents/NetBeansProjects/JavaApplication1/src/domain/UserAccount.java</file>
        </group>
    </open-files>
</project-private>
